t,gt_x,gt_y,gt_theta,gt_psi1,odom_x,odom_y,odom_theta,odom_psi1,v_cmd,w_cmd
0.000000000000000000e+00,1.046824796798744961e+00,1.000420038062065364e+00,1.993373049823239998e-02,1.950753008093657204e-02,1.046827448256944626e+00,1.000000000000000000e+00,1.993373049823240345e-02,1.993373049823240345e-02,4.682744825694464263e-01,1.993373049823240206e-01
1.000000000000000056e-01,1.094199803365795365e+00,1.001713900758549824e+00,3.631276226074804658e-02,3.460271546905805545e-02,1.094211228771841071e+00,1.000944660635524341e+00,3.631276226074803964e-02,3.534188802074354069e-02,4.739319613193647696e-01,1.637903176251563619e-01
2.000000000000000111e-01,1.142012423100147611e+00,1.003741172025918171e+00,4.978430623561649893e-02,4.611577440686144558e-02,1.142035617605016151e+00,1.002682060019244314e+00,4.978430623561651974e-02,4.707554185684656445e-02,4.785593718531984120e-01,1.347154397486848010e-01
3.000000000000000444e-01,1.190174641891337703e+00,1.006381912448432336e+00,6.087535178551571613e-02,5.472788459339495565e-02,1.190210660795176345e+00,1.005082404516407735e+00,6.087535178551570919e-02,5.583376005868565667e-02,4.823480527667617368e-01,1.109104554989918945e-01
4.000000000000000222e-01,1.238617289729097237e+00,1.009534564006274504e+00,7.001553821317678394e-02,6.099711497701564011e-02,1.238666032938301687e+00,1.008035791471929565e+00,7.001553821317675619e-02,6.218971395489986120e-02,4.854529414925629061e-01,9.140186427661042834e-02
5.000000000000000000e-01,1.287285720378469334e+00,1.013113673583709184e+00,7.755553203335850687e-02,6.538011088667040893e-02,1.287346441489077842e+00,1.011449756920422827e+00,7.755553203335853463e-02,6.661264665089308701e-02,4.879997271263572522e-01,7.539993820181772888e-02
5.999999999999999778e-01,1.336136547235657668e+00,1.017047668793320758e+00,8.378183509690499686e-02,6.825011927062511752e-02,1.336208177132709229e+00,1.015246870915901933e+00,8.378183509690498298e-02,6.948621698048935980e-02,4.900905309024837231e-01,6.226303063546445582e-02
6.999999999999999556e-01,1.385135164815012532e+00,1.021276804217541523e+00,8.892874527245329952e-02,6.991190722942529356e-02,1.385216511974618703e+00,1.019362513428076600e+00,8.892874527245323013e-02,7.112373209253389228e-02,4.918084380391152255e-01,5.146910175548244371e-02
7.999999999999999334e-01,1.434253855670801325e+00,1.025751328667877660e+00,9.318803678446609118e-02,7.061407093279671587e-02,1.434343725602966080e+00,1.023742888124739459e+00,9.318803678446603567e-02,7.178074619980917559e-02,4.932211270179380769e-01,4.259291512012799985e-02
8.999999999999999112e-01,1.483470335280530739e+00,1.030429885710651083e+00,9.671680852745810630e-02,7.055916857835332900e-02,1.483567597744035016e+00,1.028343288489563800e+00,9.671680852745812018e-02,7.166545110304801958e-02,4.943837853405980698e-01,3.528771742992079657e-02
9.999999999999998890e-01,1.532766626316496961e+00,1.035278138927834490e+00,9.964385658164644222e-02,6.991204848941741379e-02,1.532870249420887898e+00,1.033126607534557762e+00,9.964385658164638671e-02,7.094722781033084569e-02,4.953414583350842504e-01,2.927048054188268952e-02
1.099999999999999867e+00,1.582128182196103738e+00,1.040267603064836122e+00,1.020748551887854377e-01,6.880668580363241693e-02,1.582237246019020160e+00,1.038062070856859753e+00,1.020748551887853822e-01,6.976367415944373374e-02,4.961309455502431742e-01,2.430998607138998291e-02
1.199999999999999956e+00,1.631543200557266315e+00,1.045374658014236458e+00,1.040965738345084740e-01,6.735179013097032652e-02,1.631656898524443733e+00,1.043124168083623848e+00,1.040965738345084046e-01,6.822637378642715245e-02,4.967823348399212913e-01,2.021718645723016849e-02
1.300000000000000044e+00,1.681002082439421397e+00,1.050579721846381931e+00,1.057803132982400723e-01,6.563540240872361986e-02,1.681119715780913459e+00,1.048291756887532067e+00,1.057803132982400585e-01,6.642562818388694779e-02,4.973202454146821161e-01,1.683739463731648289e-02
1.400000000000000133e+00,1.730497004012581552e+00,1.055866560223523543e+00,1.071847079341535919e-01,6.372866162837784176e-02,1.730617972660276171e+00,1.053547314957506087e+00,1.071847079341535502e-01,6.443433607795391593e-02,4.977648365164262789e-01,1.404394635913486233e-02
1.500000000000000222e+00,1.780021575816606916e+00,1.061221711568514969e+00,1.083580130381709278e-01,6.168889052157716657e-02,1.780145367825548108e+00,1.058876317515106580e+00,1.083580130381709000e-01,6.231117254420118906e-02,4.981326269294069076e-01,1.173305104017344225e-02
1.600000000000000311e+00,1.829570570466329427e+00,1.066634009743307798e+00,1.093399734078335239e-01,5.956212292887080872e-02,1.829696751206684402e+00,1.064266720559517099e+00,1.093399734078335517e-01,6.010319358327156913e-02,4.984371615324784677e-01,9.819603696626516554e-03
1.700000000000000400e+00,1.879139704231023833e+00,1.072094188410597893e+00,1.101633509339889350e-01,5.738517369452143108e-02,1.879267906059845394e+00,1.069708532654779942e+00,1.101633509339890182e-01,5.784796962484584082e-02,4.986895539668158017e-01,8.233775261554663813e-03
1.800000000000000488e+00,1.928725461228655735e+00,1.077594553535208277e+00,1.108551743577667337e-01,5.518733384517578860e-02,1.928855374010165269e+00,1.075193460556700398e+00,1.108551743577667614e-01,5.557533297797941085e-02,4.988989288235901598e-01,6.918234237777376450e-03
1.900000000000000577e+00,1.978324951487048899e+00,1.083128712549387140e+00,1.114377624645184472e-01,5.299175890676408041e-02,1.978456314119341419e+00,1.080714616225238789e+00,1.114377624645184334e-01,5.330880900481074769e-02,4.990727822302392092e-01,5.825881067516691658e-03
2.000000000000000444e+00,2.027935796031698157e+00,1.088691350529086055e+00,1.119295624023392555e-01,5.081660596090960269e-02,2.028068389011294048e+00,1.086266274749574379e+00,1.119295624023391861e-01,5.106678824036094827e-02,4.992172760888354266e-01,4.917999378207555707e-03
2.100000000000000533e+00,2.077556033619228693e+00,1.094278045306458003e+00,1.123458370588110156e-01,4.867596498610041872e-02,2.077689672602673010e+00,1.091843674427538824e+00,1.123458370588108907e-01,4.886348636247857952e-02,4.993374783073864509e-01,4.162746564717046717e-03
2.200000000000000622e+00,2.127184044859362633e+00,1.099885114792799934e+00,1.126992291504406163e-01,4.658062178825209815e-02,2.127318575143243518e+00,1.097442851705845879e+00,1.126992291504404636e-01,4.670973044992614981e-02,4.994375590176757251e-01,3.533920916295701931e-03
2.300000000000000711e+00,2.176818490338957801e+00,1.105509490928813010e+00,1.130002245924454363e-01,4.453868308186328950e-02,2.176953782163242757e+00,1.103060504927445784e+00,1.130002245924453114e-01,4.461360303186148041e-02,4.995209508755679706e-01,3.009954420048505108e-03
2.400000000000000799e+00,2.226458260039349657e+00,1.111148615640744852e+00,1.132575335976853392e-01,4.255608877378273119e-02,2.226594204615349071e+00,1.108693881875080445e+00,1.132575335976851727e-01,4.258096976183721460e-02,4.995904799991401912e-01,2.573090052398557814e-03
2.500000000000000888e+00,2.276102431866882103e+00,1.116800354987025123e+00,1.134784046254868339e-01,4.063703201169136664e-02,2.276238938035036075e+00,1.114340686973150918e+00,1.134784046254866396e-01,4.061591192512696569e-02,4.996484728413960741e-01,2.208710278014641704e-03
2.600000000000000977e+00,2.325750237528069864e+00,1.122462928354309053e+00,1.136688836263974878e-01,3.878430391601894733e-02,2.325887228958737118e+00,1.119999004739117732e+00,1.136688836263972796e-01,3.872108123339184499e-02,4.996968432544986460e-01,1.904790009106427373e-03
2.700000000000001066e+00,2.375401034297796699e+00,1.128134850126476518e+00,1.138340289058142052e-01,3.699957698325691963e-02,2.375538447158214606e+00,1.125667236684385619e+00,1.138340289058139415e-01,3.689799133844966217e-02,4.997371631245254298e-01,1.651452794166674565e-03
2.800000000000001155e+00,2.425054281465251815e+00,1.133814881725517809e+00,1.139780902926214867e-01,3.528363883584995780e-02,2.425192062486793976e+00,1.131344049374312322e+00,1.139780902926211537e-01,3.514725811014474816e-02,4.997707191818095973e-01,1.440613868072177168e-03
2.900000000000001243e+00,2.474709520403142626e+00,1.139501992328869839e+00,1.141046601279690209e-01,3.363658625109998412e-02,2.474847625294450015e+00,1.137028331787260260e+00,1.141046601279687434e-01,3.346879892262644152e-02,4.997985578505810267e-01,1.265698353475841476e-03
3.000000000000001332e+00,2.524366357283670315e+00,1.145195326923946988e+00,1.142168029327449708e-01,3.205798824972363320e-02,2.524504749447438190e+00,1.142719160482407625e+00,1.142168029327446377e-01,3.186199999968887531e-02,4.998215191828772608e-01,1.121428047758943119e-03
3.100000000000001421e+00,2.574024447430482088e+00,1.150894180691467650e+00,1.143171706479651495e-01,3.054702660956786983e-02,2.574163096955655039e+00,1.148415771415411069e+00,1.143171706479648164e-01,3.032586043172723692e-02,4.998402598199586655e-01,1.003677152201842620e-03
3.200000000000001510e+00,2.623683480073454088e+00,1.156597979049596159e+00,1.144081115266377124e-01,2.910262290254754525e-02,2.623822362992781265e+00,1.154117537554480988e+00,1.144081115266374488e-01,2.885912221415504186e-02,4.998552630963012944e-01,9.094087867262679037e-04
3.300000000000001599e+00,2.673343161676075663e+00,1.162306263101515302e+00,1.144917842156672194e-01,2.772356408063603520e-02,2.673482259506906544e+00,1.159823951782408935e+00,1.144917842156670112e-01,2.746039864045678180e-02,4.998668307793915355e-01,8.367268902956526144e-04
3.400000000000001688e+00,2.701433860440029644e+00,1.167277124910776731e+00,2.492754513883773393e-01,1.599438231404904653e-01,2.701843864716444887e+00,1.163085385728024779e+00,2.492754513883772560e-01,1.614384594121507366e-01,2.854851312141034048e-01,1.347836671727102420e+00
3.500000000000001776e+00,2.732611872251356377e+00,1.176866062525297130e+00,3.583811840827568762e-01,2.621843368253117812e-01,2.733470437889429672e+00,1.171136571158927442e+00,3.583811840827568762e-01,2.651528926848392698e-01,3.263528332202647042e-01,1.091057326943795980e+00
3.600000000000001865e+00,2.765704649623638378e+00,1.190787689394722904e+00,4.468894950618553796e-01,3.398803186038522051e-01,2.767102171745280170e+00,1.183733532379905196e+00,4.468894950618554907e-01,3.439886770395235716e-01,3.591346480296178090e-01,8.850831097909862555e-01
3.700000000000001954e+00,2.799906037274237924e+00,1.208561049744166338e+00,5.188190057296357960e-01,3.976301501775919567e-01,2.801868256479476127e+00,1.200394291671319058e+00,5.188190057296360180e-01,4.025559249272481765e-01,3.855206282304151633e-01,7.192951066778048297e-01
3.800000000000002043e+00,2.834685884443293613e+00,1.229654073250226576e+00,5.773660155576896269e-01,4.392634140472765347e-01,2.837196684469340813e+00,1.220566637980278202e+00,5.773660155576897379e-01,4.447226478370475689e-01,4.068195398261547635e-01,5.854700982805369769e-01
3.900000000000002132e+00,2.869708985318933259e+00,1.253555042776515860e+00,6.250847558700109996e-01,4.679374886316290949e-01,2.872728244730612168e+00,1.243712262827147752e+00,6.250847558700108886e-01,4.736920659422360069e-01,4.240532660117559693e-01,4.771874031232112290e-01
4.000000000000001776e+00,2.904772313792455929e+00,1.279803619093669909e+00,6.640243838262280818e-01,4.862395322823733768e-01,2.908248337760631408e+00,1.269344035211199762e+00,6.640243838262280818e-01,4.920955870937315235e-01,4.380256572860866671e-01,3.893962795621723760e-01
4.100000000000001421e+00,2.939759771478001049e+00,1.308000625087766489e+00,6.958341976140123286e-01,4.962816370062794746e-01,2.943637297989890378e+00,1.297038500444009257e+00,6.958341976140128837e-01,5.020845327588687734e-01,4.493731089684132041e-01,3.180981378778480195e-01
4.200000000000001066e+00,2.974610894505737235e+00,1.337807355159448930e+00,7.218452336134482117e-01,4.997841797670882769e-01,2.978835894773951498e+00,1.326436087223801241e+00,7.218452336134483227e-01,5.054127272010281446e-01,4.586021504574860908e-01,2.601103599943546119e-01
4.300000000000000711e+00,3.009299809982598273e+00,1.368940221479394648e+00,7.431340866576072735e-01,4.981463601273977693e-01,3.013822120319975095e+00,1.357235786561878710e+00,7.431340866576078286e-01,5.035073792045037244e-01,4.661177380526506653e-01,2.128885304415954749e-01
4.400000000000000355e+00,3.043821386974085996e+00,1.401163759050571000e+00,7.605731868588314626e-01,4.925047681912690378e-01,3.048595945232737581e+00,1.389187824159604512e+00,7.605731868588321287e-01,4.975283495656653843e-01,4.722448099990028680e-01,1.743910020122429738e-01
4.500000000000000000e+00,3.078182297405280821e+00,1.434283485055015017e+00,7.748706456821439215e-01,4.837815214267148778e-01,3.083169522114324046e+00,1.422086070442690753e+00,7.748706456821443656e-01,4.884170202734430255e-01,4.772448875461701712e-01,1.429745882331228124e-01
4.599999999999999645e+00,3.112395362457043291e+00,1.468139293367499931e+00,7.866019927879472906e-01,4.727236309575304496e-01,3.117561033243863911e+00,1.455760984600848129e+00,7.866019927879478457e-01,4.769363102037426638e-01,4.813289811898457393e-01,1.173134710580347878e-01
4.699999999999999289e+00,3.146476063486048247e+00,1.502599642618947406e+00,7.962355581372080326e-01,4.599351310588523090e-01,3.151790933815633355e+00,1.490073398465088017e+00,7.962355581372089208e-01,4.637033461348930574e-01,4.846677045506629367e-01,9.633565349261119515e-02
4.799999999999998934e+00,3.180440458919352231e+00,1.537556585791635566e+00,8.041528409861318227e-01,4.459032934386231717e-01,3.185879745370141514e+00,1.524909202531130381e+00,8.041528409861330440e-01,4.492161202217002658e-01,4.873992529873704127e-01,7.917282848924123151e-02
4.899999999999998579e+00,3.214304001028972735e+00,1.572921591599137470e+00,8.106649021761900276e-01,4.310200261849718162e-01,3.219846835936504448e+00,1.560174883667438728e+00,8.106649021761909157e-01,4.338752526342756211e-01,4.896357327188539665e-01,6.512061190057895355e-02
4.999999999999998224e+00,3.248080918764530090e+00,1.608622068674369521e+00,8.160255873116037950e-01,4.155993568331961541e-01,3.253709816009415334e+00,1.595793818830341770e+00,8.160255873116049052e-01,4.180017769212557854e-01,4.914682046233960766e-01,5.360685135414033908e-02
5.099999999999997868e+00,3.281783948751259228e+00,1.644598493706045161e+00,8.204422147361953854e-01,3.998917291652439587e-01,3.287484309070146882e+00,1.631703217568602149e+00,8.204422147361966067e-01,4.018516920457114172e-01,4.929707191358099760e-01,4.416627424591746537e-02
5.199999999999997513e+00,3.315424273773287744e+00,1.680802048656065306e+00,8.240842289519054731e-01,3.840957039520886962e-01,3.321183941563018216e+00,1.667851610356433145e+00,8.240842289519064723e-01,3.856278816801340659e-01,4.942035543475882808e-01,3.642014215709820507e-02
5.299999999999997158e+00,3.349011579053480236e+00,1.717192682002797177e+00,8.270902169009362037e-01,3.683675411785431453e-01,3.354820454049307621e+00,1.704196790604905587e+00,8.270902169009374250e-01,3.694898854923375220e-01,4.952158215903705862e-01,3.005987949030930473e-02
5.399999999999996803e+00,3.382554170052314291e+00,1.753737520516419401e+00,8.295736039487431324e-01,3.528290507917807850e-01,3.388403872378556780e+00,1.740704130937791305e+00,8.295736039487441316e-01,3.535619144004085168e-01,4.960475667573118197e-01,2.483387047806662196e-02
5.499999999999996447e+00,3.416059117221964314e+00,1.790409569426933523e+00,8.316272830672497562e-01,3.375740264016406367e-01,3.421942701750140703e+00,1.777345206782581455e+00,8.316272830672509775e-01,3.379394276893235571e-01,4.967314681676502919e-01,2.053679118506845924e-02
5.599999999999996092e+00,3.449532407131612910e+00,1.827186649143116126e+00,8.333273806521555027e-01,3.226735179930683151e-01,3.455444121936445789e+00,1.814096671583630194e+00,8.333273806521571681e-01,3.226945306101515754e-01,4.972942106562358022e-01,1.700097584906212766e-02
5.699999999999995737e+00,3.482979088276648927e+00,1.864050525634527000e+00,8.347363226442214845e-01,3.081801526451175000e-01,3.488914171676704257e+00,1.850939337688874975e+00,8.347363226442227058e-01,3.078804034866839956e-01,4.977575991743302120e-01,1.408941992065582127e-02
5.799999999999995381e+00,3.516403405460877263e+00,1.900986199185888514e+00,8.359053329151076017e-01,2.941316741609460439e-01,3.522357916302286007e+00,1.887857425194974015e+00,8.359053329151083789e-01,2.935349349601827362e-01,4.981394623686335454e-01,1.169010270885650904e-02
5.899999999999995026e+00,3.549808920063700857e+00,1.937981322583567367e+00,8.368764705062978759e-01,2.805538415789345930e-01,3.555779596324683212e+00,1.924837947891182344e+00,8.368764705062988751e-01,2.796837008893105492e-01,4.984543865193967194e-01,9.711375911905406610e-03
5.999999999999994671e+00,3.583198615542380505e+00,1.975025725052434566e+00,8.376842919502089924e-01,2.674628013338462562e-01,3.589182756864282009e+00,1.961870211099127514e+00,8.376842919502095475e-01,2.663424051029888440e-01,4.987143122406598184e-01,8.078214439106725167e-03
6.099999999999994316e+00,3.616574988676954039e+00,2.012111022589850418e+00,8.383572085258870210e-01,2.548670272531879943e-01,3.622570358982232896e+00,1.998945400847314868e+00,8.383572085258877982e-01,2.535188775265770911e-01,4.989290200069232961e-01,6.729165756782951036e-03
6.199999999999993960e+00,3.649940127671110091e+00,2.049230298892706692e+00,8.389185951015840637e-01,2.427689057272995610e-01,3.655944874564037939e+00,2.036056247614744574e+00,8.389185951015846188e-01,2.412147082671533549e-01,4.991065255149241819e-01,5.613865756968206000e-03
6.299999999999993605e+00,3.683295778489360739e+00,2.086377843976683799e+00,8.393876965581068550e-01,2.311660295825621880e-01,3.689308366627272129e+00,2.073196750975265790e+00,8.393876965581069660e-01,2.294265823442045993e-01,4.992534018438286592e-01,4.691014565223250443e-03
6.399999999999993250e+00,3.716643400876157965e+00,2.123548939958110005e+00,8.397803691679859295e-01,2.200522528554538504e-01,3.722662556937633482e+00,2.110361953998734830e+00,8.397803691679857074e-01,2.181473683258305374e-01,4.993750421312099785e-01,3.926726098787636232e-03
6.499999999999992895e+00,3.749984215453324055e+00,2.160739685403820776e+00,8.401096873269107146e-01,2.094185493596596725e-01,3.756008882712372987e+00,2.147547758321387779e+00,8.401096873269107146e-01,2.073670047275444073e-01,4.994758738715715518e-01,3.293181589250516062e-03
6.599999999999992539e+00,3.783319243182712288e+00,2.197946851232700727e+00,8.403864403772784986e-01,1.992537102934052451e-01,3.789348544027059340e+00,2.184750772472504821e+00,8.403864403772789426e-01,1.970732202876609995e-01,4.995595338401813135e-01,2.767530503682502641e-03
6.699999999999992184e+00,3.816649338344987541e+00,2.235167762439646211e+00,8.406195396744196024e-01,1.895449098519091657e-01,3.822682543356384688e+00,2.221968187408314144e+00,8.406195396744203796e-01,1.872521178549670096e-01,4.996290109462869222e-01,2.330992971414369563e-03
6.799999999999991829e+00,3.849975216042593296e+00,2.272400200962251038e+00,8.408163523199561062e-01,1.802781626472447496e-01,3.856011718493165041e+00,2.259197674315016613e+00,8.408163523199566614e-01,1.778886463699708431e-01,4.996867629459990634e-01,1.968126455363039540e-03
6.899999999999991473e+00,3.883297475096716855e+00,2.309642325866464674e+00,8.409829749598127790e-01,1.714386924959238057e-01,3.889336769913305236e+00,2.296437300647946156e+00,8.409829749598134452e-01,1.689669810931471727e-01,4.997348118323577393e-01,1.666226398567838491e-03
6.999999999999991118e+00,3.916616617080110441e+00,2.346892607725652891e+00,8.411244585848252076e-01,1.630112286500928487e-01,3.922658283493890785e+00,2.333685461111548509e+00,8.411244585848258737e-01,1.604708286702186126e-01,4.997748218171271795e-01,1.414836250124063000e-03
7.099999999999990763e+00,3.949933062112537030e+00,2.384149774637085439e+00,8.412449932736929537e-01,1.549802426877346373e-01,3.955976749348734778e+00,2.370940820886202172e+00,8.412449932736936198e-01,1.523836706925857654e-01,4.998081630845266354e-01,1.205346888677016892e-03
7.199999999999990408e+00,3.983247161943634929e+00,2.421412767784592468e+00,8.413480601963749805e-01,1.473301369314838627e-01,3.989292577420514796e+00,2.408202268898170573e+00,8.413480601963756467e-01,1.446889570014762150e-01,4.998359638978588371e-01,1.030669226820268847e-03
7.299999999999990052e+00,4.016559210758362752e+00,2.458680704835235709e+00,8.414365568833834796e-01,1.400453933458425948e-01,4.022606110359622456e+00,2.445468879328620115e+00,8.414365568833842568e-01,1.373702580083475677e-01,4.998591531481531569e-01,8.849668700865455069e-04
7.399999999999989697e+00,4.049869454060979201e+00,2.495952849766945203e+00,8.415129007103270276e-01,1.331106902976560147e-01,4.055917634124772242e+00,2.482739879883141931e+00,8.415129007103278047e-01,1.304113836901733547e-01,4.998784950256738302e-01,7.634382694354790999e-04
7.499999999999989342e+00,4.083178095922226802e+00,2.533228587975562718e+00,8.415791147086468804e-01,1.265109932996541509e-01,4.089227386656306251e+00,2.520014625607693404e+00,8.415791147086481017e-01,1.237964756110602332e-01,4.998946171486544077e-01,6.621399832031915622e-04
7.599999999999988987e+00,4.116485304807389944e+00,2.570507405713400306e+00,8.416368991683673695e-01,1.202316248529217979e-01,4.122535564896149474e+00,2.557292577250480647e+00,8.416368991683681466e-01,1.175100772820872330e-01,4.999080331760166751e-01,5.778445972000056940e-04
7.699999999999988631e+00,4.149791218134796900e+00,2.607788873074238900e+00,8.416876920405422791e-01,1.142583177419994739e-01,4.155842330353165082e+00,2.594573283339198344e+00,8.416876920405433893e-01,1.115371873798678415e-01,4.999191606331946924e-01,5.079287217526484710e-04
7.799999999999988276e+00,4.183095945636044810e+00,2.645072629865605762e+00,8.417327208984290987e-01,1.085772556256536653e-01,4.189147813330603931e+00,2.631856365272800868e+00,8.417327208984305420e-01,1.058632998111707357e-01,4.999283343468548524e-01,4.502885788710830894e-04
7.899999999999987921e+00,4.216399571484044984e+00,2.682358373797104623e+00,8.417730492539163833e-01,1.031751045699283165e-01,4.222452115828086328e+00,2.669141504814454002e+00,8.417730492539179377e-01,1.004744344001570477e-01,4.999358154287741884e-01,4.032835548737345732e-04
7.999999999999987566e+00,4.249702154988646896e+00,2.719645850452821811e+00,8.418096205447276326e-01,9.803903946441273887e-02,4.255755312973034776e+00,2.706428433403869516e+00,8.418096205447288538e-01,9.535716226678331298e-02,4.999417949829219610e-01,3.657129081087173716e-04
8.099999999999987210e+00,4.283003729354962097e+00,2.756934844472419321e+00,8.418433045904125667e-01,9.315677049874854232e-02,4.289057452556962247e+00,2.743716922641640021e+00,8.418433045904136769e-01,9.049863122064262522e-02,4.999463901762591922e-01,3.368404568486749726e-04
8.199999999999986855e+00,4.312318539462732581e+00,2.788495368615579562e+00,7.983511153340003830e-01,4.648072716297564633e-02,4.317751240376283661e+00,2.775847607214839474e+00,7.983511153340014932e-01,4.300522815124177556e-02,4.307800309395378169e-01,-4.349218925641216149e-01
8.299999999999986500e+00,4.343749908268166315e+00,2.819731135347121054e+00,7.626306083635701061e-01,9.409677869802303071e-03,4.348678107171289220e+00,2.807586222384421681e+00,7.626306083635713273e-01,5.326668554901742292e-03,4.431490474590754625e-01,-3.572050697043012146e-01
8.399999999999986144e+00,4.376930013667652553e+00,2.850605024767741469e+00,7.332502782598391278e-01,-1.979162760797658835e-02,4.381448303146887824e+00,2.838897194690661152e+00,7.332502782598403490e-01,-2.430178554881589834e-02,4.532397523431960229e-01,-2.938033010373093390e-01
8.499999999999985789e+00,4.411552031447579125e+00,2.881115791209672761e+00,7.090512584338235502e-01,-4.256196899521603322e-02,4.415736854199822758e+00,2.869783909265100519e+00,7.090512584338251045e-01,-4.734830470597592433e-02,4.614860637671089894e-01,-2.419901982601524448e-01
8.599999999999985434e+00,4.447361956165030605e+00,2.911282363572794019e+00,6.890930351091149042e-01,-6.009012350158130650e-02,4.451274990214477256e+00,2.900271377720337274e+00,6.890930351091167916e-01,-6.502884310092661713e-02,4.682355010254070637e-01,-1.995822332470833238e-01
8.699999999999985079e+00,4.484150432654865348e+00,2.941133897522887786e+00,6.726106657418948753e-01,-7.335572789611112532e-02,4.487841455789586931e+00,2.930395288206393278e+00,6.726106657418966517e-01,-7.834709704798738239e-02,4.737674944134048216e-01,-1.648236936722011770e-01
8.799999999999984723e+00,4.521745321182098820e+00,2.970703639895185599e+00,6.589808479195145008e-01,-8.316446314378642124e-02,4.525254561427255240e+00,2.960195286471730469e+00,6.589808479195160551e-01,-8.812946614948094504e-02,4.783074712012611585e-01,-1.362981782238057438e-01
8.899999999999984368e+00,4.560005241782590701e+00,3.000025277950579383e+00,6.476948643747302281e-01,-9.017791225695913349e-02,4.563365273900802599e+00,2.989711010999743568e+00,6.476948643747320045e-01,-9.505504228828068336e-02,4.820377993119383531e-01,-1.128598354478400623e-01
8.999999999999984013e+00,4.598814114630122241e+00,3.029130882233916022e+00,6.383369149428073097e-01,-9.493864224768257254e-02,4.602051376807161809e+00,3.018979889622667834e+00,6.383369149428090861e-01,-9.968098794041049815e-02,4.851063609070547789e-01,-9.357949431922896188e-02
9.099999999999983658e+00,4.638076613342907883e+00,3.058049852887971376e+00,6.305666985016098458e-01,-9.789112535979560548e-02,4.641212615245040141e+00,3.048036040728451024e+00,6.305666985016118442e-01,-1.024638134437895060e-01,4.876333164448954371e-01,-7.770216441197241863e-02
9.199999999999983302e+00,4.677714412939020683e+00,3.086808483211623155e+00,6.241053676547378970e-01,-9.939910329323008165e-02,4.680766696963707396e+00,3.076909849871587888e+00,6.241053676547400064e-01,-1.037771009973558617e-01,4.897164725676819708e-01,-6.461330846871882194e-02
9.299999999999982947e+00,4.717663109987236147e+00,3.115429890591911999e+00,6.187241731853851956e-01,-9.975994894959545889e-02,4.720646016776958831e+00,3.105627944813440067e+00,6.187241731853876381e-01,-1.039262024107711624e-01,4.914355630046380319e-01,-5.381194469352368337e-02
9.399999999999982592e+00,4.757869701999810630e+00,3.143934155208296666e+00,6.142352624738365297e-01,-9.921651576601536737e-02,4.760794981275828341e+00,3.134213392690583966e+00,6.142352624738387501e-01,-1.031603889818493158e-01,4.928556767115884196e-01,-4.488910711548842886e-02
9.499999999999982236e+00,4.798290527553358942e+00,3.172338566177525188e+00,6.104842087989357236e-01,-9.796689739352683335e-02,4.801167826788499404e+00,3.162686008996119291e+00,6.104842087989384991e-01,-1.016828730707440842e-01,4.940300126583659912e-01,-3.751053674900295398e-02
9.599999999999981881e+00,4.838889583814077966e+00,3.200657913407087829e+00,6.073439356246477239e-01,-9.617245669194286750e-02,4.841726840305760504e+00,3.191062710931235280e+00,6.073439356246507215e-01,-9.965906150000912456e-02,4.950021000165322760e-01,-3.140273174287733227e-02
9.699999999999981526e+00,4.879637152231014241e+00,3.228904788334002962e+00,6.047097679530131220e-01,-9.396442562704603041e-02,4.882440908604361418e+00,3.219357875267970126e+00,6.047097679530161196e-01,-9.722334555107993437e-02,4.958075919412648358e-01,-2.634167671634624064e-02
9.799999999999981171e+00,4.920508675463963755e+00,3.257089872619608695e+00,6.024953962054599987e-01,-9.144932760072220501e-02,4.923284334297150622e+00,3.247583678398684004e+00,6.024953962054626633e-01,-9.448468303860031725e-02,4.964757179053382319e-01,-2.214371747553478195e-02
9.899999999999980815e+00,4.961483839012176489e+00,3.285222203863202406e+00,6.006295802596848254e-01,-8.871343093597459928e-02,4.964235868897511672e+00,3.275750407218091187e+00,6.006295802596874900e-01,-9.153118523770814585e-02,4.970304616933020059e-01,-1.865815945775195495e-02
9.999999999999980460e+00,5.002545819636976532e+00,3.313309413550479032e+00,5.990534547410550914e-01,-8.582640610474583098e-02,5.005277922366067500e+00,3.303866736195482101e+00,5.990534547410580890e-01,-8.843388507811168753e-02,4.974915183277686115e-01,-1.576125518629356223e-02
1.009999999999998010e+01,5.043680669749114109e+00,3.341357936127894668e+00,5.977183233465142020e-01,-8.284432906152516818e-02,5.046395916270040694e+00,3.331939969966719151e+00,5.977183233465175327e-01,-8.524983242107070369e-02,4.978750723888168972e-01,-1.335131394540600702e-02
1.019999999999997975e+01,5.084876812701160098e+00,3.369373190185245726e+00,5.965838513119090525e-01,-7.981214792798904667e-02,5.087577753905693889e+00,3.359976253003341462e+00,5.965838513119121611e-01,-8.202463669876108865e-02,4.981944316789302940e-01,-1.134472034605416013e-02
1.029999999999997939e+01,5.126124628610558176e+00,3.397359733819814487e+00,5.956165822294920975e-01,-7.676570950509006841e-02,5.128813385766223476e+00,3.387980749048639328e+00,5.956165822294947620e-01,-7.879455601340223936e-02,4.984605434423331483e-01,-9.672690824173768576e-03
1.039999999999997904e+01,5.167416114136049288e+00,3.425321396724789746e+00,5.947887191343679270e-01,-7.373342499144446005e-02,5.170094452800735318e+00,3.415957793467523818e+00,5.947887191343708135e-01,-7.558821431365923826e-02,4.986824149620766589e-01,-8.278630951239708893e-03
1.049999999999997868e+01,5.208744602702763515e+00,3.453261391634069533e+00,5.940771207615889171e-01,-7.073764027855652947e-02,5.211413993187049343e+00,3.443911021706318021e+00,5.940771207615919147e-01,-7.242801391708277026e-02,4.988674560147608461e-01,-7.115983727789210178e-03
1.059999999999997833e+01,5.250104534153274827e+00,3.481182407615524887e+00,5.934624726231827463e-01,-6.779576479380215737e-02,5.252766200979786859e+00,3.471843476867097156e+00,5.934624726231858549e-01,-6.933129895249971753e-02,4.990217571051044354e-01,-6.146481384060598074e-03
1.069999999999997797e+01,5.291491264799276451e+00,3.509086687422804385e+00,5.929285994190212072e-01,-6.492120369793706602e-02,5.294146227111736991e+00,3.499757699067125305e+00,5.929285994190244269e-01,-6.631131588195487980e-02,4.991503144057339303e-01,-5.338732041614724366e-03
1.079999999999997762e+01,5.332900910441694009e+00,3.536976090732794731e+00,5.924618904861220781e-01,-6.212413106532550799e-02,5.335550014907814109e+00,3.527655798825830580e+00,5.924618904861251867e-01,-6.337800987723415935e-02,4.992572096634393941e-01,-4.667089328992624075e-03
1.089999999999997726e+01,5.374330216168333507e+00,3.564852144610950901e+00,5.920508135366384650e-01,-5.941213639819493270e-02,5.376974163572957544e+00,3.555539516206037476e+00,5.920508135366417957e-01,-6.053869038790900964e-02,4.993457507149858254e-01,-4.110769494833910187e-03
1.099999999999997691e+01,5.415776447645039404e+00,3.592716081908583270e+00,5.916854935769975121e-01,-5.679077363825198871e-02,5.418415814054175605e+00,3.583410266791580145e+00,5.916854935770003987e-01,-5.779859593887736596e-02,4.994185752261293687e-01,-3.653199596414191674e-03
1.109999999999997655e+01,5.457237299145744736e+00,3.620568867368771926e+00,5.913573328246144456e-01,-5.426404145459342437e-02,5.459872552201018081e+00,3.611269174692707029e+00,5.913573328246173322e-01,-5.516138776664944454e-02,4.994777159412948642e-01,-3.281607523830221140e-03
1.119999999999997620e+01,5.498710813549750220e+00,3.648411209688797285e+00,5.910586415910155100e-01,-5.183482789582157663e-02,5.501342324064404821e+00,3.639117091362527034e+00,5.910586415910182856e-01,-5.262960627744805303e-02,4.995246181371449379e-01,-2.986912335990687950e-03
1.129999999999997584e+01,5.540195308490017290e+00,3.676243554923478651e+00,5.907822343533917220e-01,-4.950536630957433348e-02,5.542823356936754209e+00,3.666954596446219128e+00,5.907822343533943865e-01,-5.020513840795418764e-02,4.995600842182577050e-01,-2.764072376239434803e-03
1.139999999999997549e+01,5.575242070792833182e+00,3.698554031800719066e+00,5.376917263015421611e-01,-9.951626835936652760e-02,5.577331167096582831e+00,3.690098610425242232e+00,5.376917263015448256e-01,-1.011526181768835631e-01,4.155038321228806675e-01,-5.309050805184960531e-01
1.149999999999997513e+01,5.612531334112527581e+00,3.719788709241589331e+00,4.931756905462013618e-01,-1.388679319603562390e-01,5.614190612543231929e+00,3.712077760626564249e+00,4.931756905462041929e-01,-1.412148296272973946e-01,4.291505286268198494e-01,-4.451603575534062718e-01
1.159999999999997478e+01,5.651664143351363023e+00,3.739978740555542469e+00,4.557077254829593471e-01,-1.694500520809559818e-01,5.652979706183362651e+00,3.732925900240767092e+00,4.557077254829623447e-01,-1.723128051649066295e-01,4.403678815259062240e-01,-3.746796506324184817e-01
1.169999999999997442e+01,5.692313353610678028e+00,3.759188222425029480e+00,4.240494178105990164e-01,-1.928330167635727566e-01,5.693352807037963537e+00,3.752713329620699145e+00,4.240494178106017364e-01,-1.960480430696416865e-01,4.496142384401973779e-01,-3.165830767236059717e-01
1.179999999999997407e+01,5.734211953043401699e+00,3.777496541125874074e+00,3.971912719013358517e-01,-2.103195728481533910e-01,5.735028314434639896e+00,3.771527252049475365e+00,3.971912719013387938e-01,-2.137519648342849632e-01,4.572539331625743997e-01,-2.685814590926292045e-01
1.189999999999997371e+01,5.777142352308107576e+00,3.794987583103595519e+00,3.743068548089266701e-01,-2.229894946923365040e-01,5.777777241491805604e+00,3.789459842880882778e+00,3.743068548089295011e-01,-2.265297093844390597e-01,4.635783189996640630e-01,-2.288441709240927047e-01
1.199999999999997335e+01,5.820927159888583446e+00,3.811743382844869021e+00,3.547168120424980531e-01,-2.317375755508615243e-01,5.821413329366706080e+00,3.806601243721692729e+00,3.547168120425009952e-01,-2.352979622365858059e-01,4.688214785834127207e-01,-1.959004276642851705e-01
1.209999999999997300e+01,5.865421494427837779e+00,3.827840590374115060e+00,3.378603464910688858e-01,-2.373056136906672720e-01,5.865784801171936458e+00,3.823035685284317253e+00,3.378603464910718279e-01,-2.408171295097456810e-01,4.731721018443179605e-01,-1.685646555142916725e-01
1.219999999999997264e+01,5.910506688913181428e+00,3.843348693495231672e+00,3.232723880877773626e-01,-2.403092004101333168e-01,5.910767615617903203e+00,3.838839556285315702e+00,3.232723880877801381e-01,-2.437184639242034878e-01,4.767825431049717011e-01,-1.458795840329170090e-01
1.229999999999997229e+01,5.956085175878538251e+00,3.858329298826232989e+00,3.105651151797138576e-01,-2.412601330902791053e-01,5.956259997703304165e+00,3.854080647014733074e+00,3.105651151797169107e-01,-2.445268614303385268e-01,4.797757470346400988e-01,-1.270727290806323850e-01
1.239999999999997193e+01,6.002076335565448950e+00,3.872836017427840893e+00,2.994127799566086434e-01,-2.405852412720591027e-01,6.002178011408552116e+00,3.868818066548892709e+00,2.994127799566114190e-01,-2.436800661225745901e-01,4.822505072222490474e-01,-1.115233522310548064e-01
1.249999999999997158e+01,6.048413103302552329e+00,3.886914655470708357e+00,2.895389712270411975e-01,-2.386423746297147708e-01,6.048451953650589630e+00,3.883102506560575318e+00,2.895389712270439730e-01,-2.415450119856535904e-01,4.842853453354543647e-01,-9.873808729567434828e-02
1.259999999999997122e+01,6.095039148284842057e+00,3.900603504087551521e+00,2.807055246363253653e-01,-2.357342989908526587e-01,6.095023366436560508e+00,3.896976632102647997e+00,2.807055246363279188e-01,-2.384320442563389597e-01,4.859411331054929173e-01,-8.833446590716037550e-02
1.269999999999997087e+01,6.141906439362101899e+00,3.913933569838547566e+00,2.727022356679341675e-01,-2.321213342218028108e-01,6.141842469406428862e+00,3.910475438318257613e+00,2.727022356679369430e-01,-2.346078619853781966e-01,4.872623699968773869e-01,-8.003288968390970259e-02
1.279999999999997051e+01,6.188972986195229176e+00,3.926928590639322092e+00,2.653362504297145374e-01,-2.280338532752284597e-01,6.188865788489263053e+00,3.923626428047777726e+00,2.653362504297172575e-01,-2.303083200049113044e-01,4.882766703859540702e-01,-7.365985238219670272e-02
1.289999999999997016e+01,6.217962557611074637e+00,3.936544973618854470e+00,3.874705434633539669e-01,-1.005782334781352011e-01,6.218357985544450628e+00,3.931640743911037461e+00,3.874705434633565759e-01,-1.010038724269586574e-01,3.056172354266226687e-01,1.221342930336393184e+00
1.299999999999996980e+01,6.249001847577395630e+00,3.950861325975250082e+00,4.867718396838903727e-01,6.449024387937870445e-04,6.250018689317855092e+00,3.944561512928723701e+00,4.867718396838932038e-01,1.841133201683289866e-03,3.419570785106905708e-01,9.930129622053660565e-01
1.309999999999996945e+01,6.281145776225709021e+00,3.969402324690186834e+00,5.677118883307050723e-01,8.018601905841551969e-02,6.282825333547005897e+00,3.961924386033569334e+00,5.677118883307076258e-01,8.271094636308935766e-02,3.711799116376100494e-01,8.094004864681445532e-01
1.319999999999996909e+01,6.313778119147944956e+00,3.991606071367724162e+00,6.338294800681729679e-01,1.419239676437483999e-01,6.316109764347116240e+00,3.983151369101112227e+00,6.338294800681757435e-01,1.454765717824493820e-01,3.947705844965009314e-01,6.611759173746810658e-01
1.329999999999996874e+01,6.346516200122342966e+00,4.016918937047382343e+00,6.879425233612610491e-01,1.891212203291161020e-01,6.349458496930030726e+00,4.007662568958766158e+00,6.879425233612640467e-01,1.934234101214006851e-01,4.138764167415925344e-01,5.411304329308834760e-01
1.339999999999996838e+01,6.379135555271474800e+00,4.044837674420231011e+00,7.323066411341014881e-01,2.244950664282126807e-01,6.382631373679388709e+00,4.034926791632556409e+00,7.323066411341049298e-01,2.293047311515428455e-01,4.293923136054136891e-01,4.436411777284086089e-01
1.349999999999996803e+01,6.411515203511132910e+00,4.074923880156224421e+00,7.687352353811836014e-01,2.502932393387732879e-01,6.415501647786893358e+00,4.064479801197416364e+00,7.687352353811873762e-01,2.554073391486737510e-01,4.420220915568785491e-01,3.642859424708240756e-01
1.359999999999996767e+01,6.443599725439939085e+00,4.106804823399117232e+00,7.986914674341558662e-01,2.683663082920203502e-01,6.448014209883136338e+00,4.095926515822543301e+00,7.986914674341601961e-01,2.736189950650604330e-01,4.523231759236150396e-01,2.995623205297277547e-01
1.369999999999996732e+01,6.475373791978947580e+00,4.140168161090356236e+00,8.233594781131934326e-01,2.802329030528973863e-01,6.480157471232492306e+00,4.128935922415662318e+00,8.233594781131982066e-01,2.854915336138516002e-01,4.607396416418744201e-01,2.466801067903799105e-01
1.379999999999996696e+01,6.506845458569701535e+00,4.174754423432262662e+00,8.437000426578531442e-01,2.871363649183143463e-01,6.511944934381916461e+00,4.163233257116393915e+00,8.437000426578574741e-01,2.922969102750137549e-01,4.676269860743772488e-01,2.034056454465928976e-01
1.389999999999996660e+01,6.538035444203635471e+00,4.210349178381641799e+00,8.604944012988067215e-01,2.900928491892673655e-01,6.543403398738883325e+00,4.198591692080341886e+00,8.604944012988111623e-01,2.950754218225667969e-01,4.732709480623413234e-01,1.679435864095369102e-01
1.399999999999996625e+01,6.568970411399138065e+00,4.246775740368278207e+00,8.743790024865925048e-01,2.899315989323727472e-01,6.574565604168051358e+00,4.234824548585318205e+00,8.743790024865973898e-01,2.946764018185413225e-01,4.779019708810422484e-01,1.388460118778618302e-01
1.409999999999996589e+01,6.599678876814953021e+00,4.283888752883693307e+00,8.858731921251592478e-01,2.873283726366942514e-01,6.605465789149650213e+00,4.271778430732028120e+00,8.858731921251644659e-01,2.917921637103796928e-01,4.817064290218641132e-01,1.149418963856703030e-01
1.419999999999996554e+01,6.630188825335369351e+00,4.321568711108981553e+00,8.954013805792546687e-01,2.828330430490081926e-01,6.636137131370804632e+00,4.309327366575586460e+00,8.954013805792597758e-01,2.869861110963066175e-01,4.848354170881960523e-01,9.528188454095309901e-02
1.429999999999996518e+01,6.660526409408717541e+00,4.359717370108689316e+00,9.033108556742539541e-01,2.768923117089451269e-01,6.666610382773645149e+00,4.347367902865549638e+00,9.033108556742595052e-01,2.807159193181136270e-01,4.874116794136855724e-01,7.909475094999705858e-02
1.439999999999996483e+01,6.690715326231421400e+00,4.398253936612528392e+00,9.098861422082757944e-01,2.698683694791254029e-01,6.696913246356342775e+00,4.385815044023810394e+00,9.098861422082810124e-01,2.733526060604817842e-01,4.895351064586489498e-01,6.575286534021550222e-02
1.449999999999996447e+01,6.720776607193815089e+00,4.437111930966814555e+00,9.153606085169094797e-01,2.620542111809051056e-01,6.727070200335828254e+00,4.424598912226048952e+00,9.153606085169150308e-01,2.651961989454160729e-01,4.912871162619086296e-01,5.474466308633973988e-02
1.459999999999996412e+01,6.750728648442394508e+00,4.476236611059731807e+00,9.199258693095522244e-01,2.536861977818911096e-01,6.757102580607658560e+00,4.463662010888248766e+00,9.199258693095575534e-01,2.564885984329656199e-01,4.927341617834731236e-01,4.565260792642567705e-02
1.469999999999996376e+01,6.780587373774627835e+00,4.515582861976019657e+00,9.237394181988476394e-01,2.449543584419121289e-01,6.787028801876009432e+00,4.502956986996846211e+00,9.237394181988534125e-01,2.474241346871677849e-01,4.939305484354596376e-01,3.813548889295814703e-02
1.479999999999996341e+01,6.810366461941931959e+00,4.555113468906417218e+00,9.269308338651447432e-01,2.360108384253944980e-01,6.816864643218622177e+00,4.542444802914673119e+00,9.269308338651509604e-01,2.381582307456779901e-01,4.949207042124783573e-01,3.191415666297525711e-02
1.489999999999996305e+01,6.840077596986397168e+00,4.594797704139406136e+00,9.296068340752281500e-01,2.269768266143257773e-01,6.846623553259826522e+00,4.582093242943432898e+00,9.296068340752339232e-01,2.288145114711961636e-01,4.957410133885034043e-01,2.676000210083007494e-02
1.499999999999996270e+01,6.869730717320023494e+00,4.634610170855864908e+00,9.318553970590246482e-01,2.179482364692044427e-01,6.876316948976874954e+00,4.621875692972226446e+00,9.318553970590304214e-01,2.194906371451681715e-01,4.964213008627533230e-01,2.248562983796453807e-02
1.509999999999996234e+01,6.899334250110197075e+00,4.674529856656604920e+00,9.337491265502693150e-01,2.090003649606508862e-01,6.905954494086920192e+00,4.661770142695272234e+00,9.337491265502749771e-01,2.102630905339523959e-01,4.969860359058952404e-01,1.893729491244600105e-02
1.519999999999996199e+01,6.928895324316442839e+00,4.714539358314945972e+00,9.353480025200342496e-01,2.001917135039451845e-01,6.935544350363358035e+00,4.701758369195342624e+00,9.353480025200402448e-01,2.011911051426819308e-01,4.974553098602100265e-01,1.598875969765312099e-02
1.529999999999996163e+01,6.958419959858511028e+00,4.754624246329173687e+00,9.367016323199037764e-01,1.915671217503052692e-01,6.965093399704380239e+00,4.741825268360511991e+00,9.367016323199101047e-01,1.923198886583468437e-01,4.978456312623421032e-01,1.353629799869904282e-02
1.539999999999996128e+01,6.987913232826048926e+00,4.794772543659987285e+00,9.378510951169336529e-01,1.831603379296432577e-01,6.994607437372385661e+00,4.781958306869366737e+00,9.378510951169398702e-01,1.836832679699696436e-01,4.981705731395246750e-01,1.149462797029809913e-02
1.549999999999996092e+01,7.017379417983215184e+00,4.834974297780968655e+00,9.388304550055623920e-01,1.749961272252915090e-01,7.024091338227384185e+00,4.822147072576778548e+00,9.388304550055683873e-01,1.753058595531110653e-01,4.984413003265884545e-01,9.793598886284948790e-03
1.559999999999996056e+01,7.046822110480253976e+00,4.875221229030027636e+00,9.396680041448111087e-01,1.670920015105548384e-01,7.053549198437462309e+00,4.862382905266024125e+00,9.396680041448166598e-01,1.672048505255974982e-01,4.986669991440627059e-01,8.375491392482947717e-03
1.569999999999996021e+01,7.076244328917732140e+00,4.915506441385012693e+00,9.403872860178217330e-01,1.594596389761093191e-01,7.082984455352016262e+00,4.902658593079666005e+00,9.403872860178272841e-01,1.593914605983715593e-01,4.988552273443396246e-01,7.192818730106242085e-03
1.579999999999995985e+01,7.105648601880972137e+00,4.955824184328062820e+00,9.410079399333679540e-01,1.521060501583728908e-01,7.112399988149937791e+00,4.942968122646126616e+00,9.410079399333737271e-01,1.518721428851628752e-01,4.990121986139144927e-01,6.206539155464207980e-03
1.589999999999995950e+01,7.135037039870101516e+00,4.996169656517019497e+00,9.415464008140936869e-01,1.450345372073267025e-01,7.141798201634155241e+00,4.983306473097310452e+00,9.415464008140989050e-01,1.446495716580699087e-01,4.991430128917097031e-01,5.384608807252000418e-03
1.599999999999995914e+01,7.164411394244404541e+00,5.036538843629750239e+00,9.420164829103203630e-01,1.382454856080702343e-01,7.171181095193453814e+00,5.023669445913653497e+00,9.420164829103258031e-01,1.377234573410262564e-01,4.992518411072649487e-01,4.700820962268537073e-03
1.609999999999995879e+01,7.193773104386572470e+00,5.076928384045993781e+00,9.424298722731814237e-01,1.317370218567560647e-01,7.200550318507443315e+00,5.064053523897365849e+00,9.424298722731869749e-01,1.310912231831037889e-01,4.993420703947904493e-01,4.133893628611273741e-03
1.619999999999996021e+01,7.223123333734189799e+00,5.117335457007251343e+00,9.427965508006717066e-01,1.255055668972199501e-01,7.229907215000998200e+00,5.104455753588151623e+00,9.427965508006777018e-01,1.247485742626133209e-01,4.994164129982419653e-01,3.666785274907047743e-03
1.629999999999996163e+01,7.252462994508285021e+00,5.157757688525481221e+00,9.431251750920031096e-01,1.195463140133947999e-01,7.259252853262220917e+00,5.144873646068104378e+00,9.431251750920092158e-01,1.186899883194350025e-01,4.994769781961451716e-01,3.286242913315362557e-03
1.639999999999996305e+01,7.281792759627239597e+00,5.198193070472902022e+00,9.434234378935466570e-01,1.138536628915975263e-01,7.288588045391263037e+00,5.185305091209632344e+00,9.434234378935533183e-01,1.129091609801278623e-01,4.995253000079382111e-01,2.982628015441024516e-03
1.649999999999996447e+01,7.311113057810329607e+00,5.238639887614588986e+00,9.436984527762457553e-01,1.084216526548007486e-01,7.317913349005803703e+00,5.225748279584505163e+00,9.436984527762524166e-01,1.073994492562629771e-01,4.995623002199459095e-01,2.750148826991427597e-03
1.659999999999996589e+01,7.332281639222180125e+00,5.265231887626372398e+00,8.431865809325953531e-01,5.748121832567548023e-03,7.337866239749135211e+00,5.253281691935172582e+00,8.431865809326021255e-01,3.141543384828637819e-03,3.400303875666396136e-01,-1.005118718436502689e+00
1.669999999999996732e+01,7.357776800358517555e+00,5.291797168949184282e+00,7.604399807577830739e-01,-7.581756297913980203e-02,7.362361690621021637e+00,5.280785443942042079e+00,7.604399807577904014e-01,-7.972397182357017498e-02,3.683046955813001899e-01,-8.274660017481172414e-01
1.679999999999996874e+01,7.386930604989793814e+00,5.317870446820435859e+00,6.920769732003715369e-01,-1.399715345614975792e-01,7.390705189845031775e+00,5.307748310114983603e+00,6.920769732003785313e-01,-1.448850530824257188e-01,3.911968942260929949e-01,-6.836300755741189228e-01
1.689999999999997016e+01,7.419135515093262967e+00,5.343206033427380319e+00,6.354128086208497006e-01,-1.898190894007326934e-01,7.422257850771774024e+00,5.333900224221556741e+00,6.354128086208568060e-01,-1.954681567583715918e-01,4.098161811099643170e-01,-5.666416457952169194e-01
1.699999999999997158e+01,7.453866041746551652e+00,5.367698259890936185e+00,5.883007007547411682e-01,-2.279493433991196527e-01,7.456464497207014652e+00,5.359125503828118475e+00,5.883007007547481626e-01,-2.340962352205038233e-01,4.250187515363024748e-01,-4.711210786610863233e-01
1.709999999999997300e+01,7.490679893403240364e+00,5.391327076053394229e+00,5.490136884213079327e-01,-2.565098112801084684e-01,7.492857197136959080e+00,5.383402977042064386e+00,5.490136884213151491e-01,-2.629538620741431187e-01,4.374727778782186993e-01,-3.928701233343305788e-01
1.719999999999997442e+01,7.529210416992767385e+00,5.414122116870632162e+00,5.161554896691797900e-01,-2.772757232474348243e-01,7.531048170153603394e+00,5.406766265404590932e+00,5.161554896691868954e-01,-2.838517690354065426e-01,4.477045524750284944e-01,-3.285819875212822039e-01
1.729999999999997584e+01,7.569156167494801579e+00,5.436139590034165359e+00,4.885923087023675282e-01,-2.917115070079499550e-01,7.570719005974931193e+00,5.429278202113938967e+00,4.885923087023745781e-01,-2.982862591434183863e-01,4.561318350179537351e-01,-2.756318096681229513e-01
1.739999999999997726e+01,7.610270326337182922e+00,5.457447785499139670e+00,4.654000494907817864e-01,-3.010237155039847123e-01,7.611609453697212757e+00,5.451014800228938917e+00,4.654000494907888363e-01,-3.074915087748292808e-01,4.630883730500758855e-01,-2.319225921158573900e-01
1.749999999999997868e+01,7.652351109082266234e+00,5.478118259659925826e+00,4.458230394432700083e-01,-3.062057389811301267e-01,7.653507168503721481e+00,5.472055517280342229e+00,4.458230394432771693e-01,-3.124843571553890809e-01,4.688422207997881563e-01,-1.957701004751168927e-01
1.759999999999998010e+01,7.695233530776032893e+00,5.498220690689710644e+00,4.292414734282785083e-01,-3.080751390026176262e-01,7.696238884052805318e+00,5.492477593308023209e+00,4.292414734282856692e-01,-3.141020189918533045e-01,4.736096180450952153e-01,-1.658156601499150007e-01
1.769999999999998153e+01,7.738782541071643095e+00,5.517820069405310335e+00,4.151455443359847730e-01,-3.073046078903076683e-01,7.739663052828479550e+00,5.512352977468653492e+00,4.151455443359922115e-01,-3.130335189821799036e-01,4.775656320748863926e-01,-1.409592909229347990e-01
1.779999999999998295e+01,7.782887393767222939e+00,5.536975346962064393e+00,4.031147520164197195e-01,-3.044475474492520650e-01,7.783663818461473483e+00,5.531746866277433838e+00,4.031147520164271580e-01,-3.098457454983287729e-01,4.808523993302921129e-01,-1.203079231956504375e-01
1.789999999999998437e+01,7.827457069077457419e+00,5.555738967193245337e+00,3.928012541942977331e-01,-2.999591712607944660e-01,7.828146125903351127e+00,5.550717218084330717e+00,3.928012541943050051e-01,-3.050049874378698567e-01,4.835855584104176152e-01,-1.031349782212215432e-01
1.799999999999998579e+01,7.872416566758721146e+00,5.574156914337311974e+00,3.839163895959563644e-01,-2.942139183043494532e-01,7.873031772157338182e+00,5.569314834671197367e+00,3.839163895959636363e-01,-2.988947294363632490e-01,4.858592988047177874e-01,-8.884864598341392361e-02
1.809999999999998721e+01,7.917703906588221763e+00,5.592269039823043464e+00,3.762196962921504628e-01,-2.875198495344570837e-01,7.918256219428197795e+00,5.587583749094137353e+00,3.762196962921575127e-01,-2.918303772254153827e-01,4.877503321523696256e-01,-7.696693303806123598e-02
1.819999999999998863e+01,7.963267696268542473e+00,5.610109517776751709e+00,3.695098869725849111e-01,-2.801305966266790515e-01,7.963766018216731801e+00,5.605561754855188816e+00,3.695098869725918500e-01,-2.840714877472695910e-01,4.893210067958705389e-01,-6.709809319565673835e-02
1.829999999999999005e+01,8.009065149276825224e+00,5.627707333347857777e+00,3.636173391492530937e-01,-2.722553502251185975e-01,8.009516712615287304e+00,5.623280972452802118e+00,3.636173391492599771e-01,-2.758319985290820231e-01,4.906217188651134098e-01,-5.892547823331883289e-02
1.839999999999999147e+01,8.055060453450577640e+00,5.645086740648157075e+00,3.583977166573704132e-01,-2.640673191873376680e-01,8.055471120318269840e+00,5.640768386521490818e+00,3.583977166573772410e-01,-2.672888954245677406e-01,4.916927127934322406e-01,-5.219622491882747184e-02
1.849999999999999289e+01,8.101223403135742629e+00,5.662267643701791364e+00,3.537263551924552107e-01,-2.557110718003935412e-01,8.101597893362676217e+00,5.658046306817010596e+00,3.537263551924622051e-01,-2.585897376369885037e-01,4.925652973188976991e-01,-4.671361464915058104e-02
1.859999999999999432e+01,8.147528210520025738e+00,5.679265856136480828e+00,3.494929999318524549e-01,-2.473092059758068284e-01,8.147870269189644077e+00,5.675132712100717569e+00,3.494929999318592828e-01,-2.498594961496130862e-01,4.932624058441096859e-01,-4.233355260602900128e-02
1.869999999999999574e+01,8.193952398385592417e+00,5.696093180266209366e+00,3.455963250908722362e-01,-2.389689403578974247e-01,8.194264907982578450e+00,5.692041425893461515e+00,3.455963250908789530e-01,-2.412073100367795042e-01,4.937982493743615642e-01,-3.896674840980318688e-02
1.879999999999999716e+01,8.235872637624785497e+00,5.710428328123134278e+00,3.098190577138459911e-01,-2.634770310381174263e-01,8.235951132824139265e+00,5.707050385472963505e+00,3.098190577138529300e-01,-2.661073194585137913e-01,4.430587104662589981e-01,-3.577726737702602300e-01
1.889999999999999858e+01,8.279209508588788680e+00,5.723671664083761712e+00,2.803939672536109873e-01,-2.804270308331771044e-01,8.279110392389490869e+00,5.720866873260792573e+00,2.803939672536179817e-01,-2.832843886811979295e-01,4.531685140232743492e-01,-2.942509046023495389e-01
1.900000000000000000e+01,8.323686004823105833e+00,5.735956410838301878e+00,2.561597509388313654e-01,-2.913112100803693094e-01,8.323451350714208274e+00,5.733636223122346109e+00,2.561597509388384708e-01,-2.942632500132467133e-01,4.614300468154458046e-01,-2.423421631477953309e-01
1.910000000000000142e+01,8.369081567236909436e+00,5.747410867560179604e+00,2.361739542552741267e-01,-2.973507556153621167e-01,8.368742807964171249e+00,5.745498676464674048e+00,2.361739542552812599e-01,-3.002930462802971268e-01,4.681916166618226294e-01,-1.998579668355721095e-01
1.920000000000000284e+01,8.415220360108497388e+00,5.758153006565529530e+00,2.196700861646426195e-01,-2.995433276065024852e-01,8.414801067557524661e+00,5.756583301462027791e+00,2.196700861646498637e-01,-3.023950258229936572e-01,4.737332781323941311e-01,-1.650386809063139615e-01
1.930000000000000426e+01,8.461961879072001480e+00,5.768288191536950826e+00,2.060236073846231641e-01,-2.987027916942214256e-01,8.461479824847808473e+00,5.767005409303583185e+00,2.060236073846303251e-01,-3.014026954068755870e-01,4.782809544636123511e-01,-1.364647878001953307e-01
1.940000000000000568e+01,8.509193531242029707e+00,5.777908710526998171e+00,1.947248120336157462e-01,-2.954921487253620582e-01,8.508662200062733660e+00,5.776866002179819048e+00,1.947248120336228239e-01,-2.979952554614237470e-01,4.820174086890343101e-01,-1.129879535100749149e-01
1.950000000000000711e+01,8.556824812110390255e+00,5.787094311323054185e+00,1.853571095258880752e-01,-2.904506952531907271e-01,8.556254508526420111e+00,5.786252342794781178e+00,1.853571095258950974e-01,-2.927252592361104799e-01,4.850908384048078781e-01,-9.367702507727726502e-02
1.960000000000000853e+01,8.604782745570972224e+00,5.795913242618245143e+00,1.775795668033415264e-01,-2.840163622810888411e-01,8.604181402587048666e+00,5.795239089852929126e+00,1.775795668033485764e-01,-2.860414058482917965e-01,4.876216563059832532e-01,-7.777542722546515463e-02
1.970000000000000995e+01,8.653008311041824996e+00,5.804423504094578412e+00,1.711128314222305491e-01,-2.765440590356984529e-01,8.652382081922249668e+00,5.803889667906718230e+00,1.711128314222375157e-01,-2.783072825615253154e-01,4.897078709842891953e-01,-6.466735381111073100e-02
1.980000000000001137e+01,8.701453637672827313e+00,5.812674133495246309e+00,1.657277508028105473e-01,-2.683207235664423207e-01,8.700807330619602098e+00,5.812257679872558924e+00,1.657277508028176249e-01,-2.698167583202238928e-01,4.914293780047095939e-01,-5.385080619419879699e-02
1.990000000000001279e+01,8.750079793783534399e+00,5.820706436117729865e+00,1.612361505034791143e-01,-2.595776664761880181e-01,8.749417192815613475e+00,5.820388256952865547e+00,1.612361505034861642e-01,-2.608066196971386419e-01,4.928513960996835919e-01,-4.491600299331471868e-02
2.000000000000001421e+01,8.798855038697237063e+00,5.828555109346861940e+00,1.574833474012378165e-01,-2.505006931241209323e-01,8.798179141975882800e+00,5.828319293309164983e+00,1.574833474012449219e-01,-2.514669407929272515e-01,4.940272283582770596e-01,-3.752803102241253352e-02
2.010000000000001563e+01,8.847753434770016412e+00,5.836249243036420786e+00,1.543420610645150348e-01,-2.412384039782984879e-01,8.847066632832364164e+00,5.836082544187005894e+00,1.543420610645220570e-01,-2.419495929045044347e-01,4.950004875184352837e-01,-3.141286336722853845e-02
2.020000000000001705e+01,8.896753741045587915e+00,5.843813192857500560e+00,1.517074547568415532e-01,-2.319090013224841818e-01,8.896057951086897120e+00,5.843704584293155868e+00,1.517074547568486032e-01,-2.323752277259022447e-01,4.958068938303268336e-01,-2.634606307673443074e-02
2.030000000000001847e+01,8.945838528033851489e+00,5.851267332684408018e+00,1.494930910245327316e-01,-2.226058714503642844e-01,8.945135295854329982e+00,5.851207633136272790e+00,1.494930910245396705e-01,-2.228390080649477190e-01,4.964757306619961286e-01,-2.214363732308943788e-02
2.040000000000001990e+01,8.994993466871934018e+00,5.858628696547830472e+00,1.476276290919360523e-01,-2.134021629131176712e-01,8.994284044874023110e+00,5.858610258963985018e+00,1.476276290919429079e-01,-2.134153108112409880e-01,4.970310251227746945e-01,-1.865461932596751068e-02
2.050000000000002132e+01,9.044206756604006969e+00,5.865911522455840910e+00,1.460521248427286145e-01,-2.043545415666120912e-01,9.043492163921099447e+00,5.865927974874185047e+00,1.460521248427353869e-01,-2.041615864696369742e-01,4.974925071087634154e-01,-1.575504249207509977e-02
2.060000000000002274e+01,9.093468661309568546e+00,5.873127710596810935e+00,1.447178209112180425e-01,-1.955062705631909481e-01,9.092749730499653182e+00,5.873173740903606443e+00,1.447178209112249536e-01,-1.951215264564806762e-01,4.978763893371316307e-01,-1.334303931510438801e-02
2.070000000000002416e+01,9.142771134928242560e+00,5.880287207796119020e+00,1.435843357943273890e-01,-1.868897367619933858e-01,9.142048548485110615e+00,5.880358385180282532e+00,1.435843357943342169e-01,-1.863276622464844767e-01,4.981960024072574766e-01,-1.133485116890731170e-02
2.080000000000002558e+01,9.192107516331665451e+00,5.887398329029292832e+00,1.426181780351710726e-01,-1.785285232259950505e-01,9.191381835416068569e+00,5.887490956042795709e+00,1.426181780351780115e-01,-1.778034982793011975e-01,4.984623121682370539e-01,-9.661577591561941111e-03
2.090000000000002700e+01,9.241472280822094376e+00,5.894468025553740276e+00,1.417915252791344671e-01,-1.704391096636391767e-01,9.240743967999611286e+00,5.894579015660847965e+00,1.417915252791414338e-01,-1.695652624057735758e-01,4.986843412765623595e-01,-8.266527560365888316e-03
2.100000000000002842e+01,9.290860837046938769e+00,5.901502107956063448e+00,1.410812190207742511e-01,-1.626322681560982975e-01,9.290130274370614671e+00,5.901628884300555100e+00,1.410812190207812455e-01,-1.616233428639553549e-01,4.988695124787286828e-01,-7.103062583601882363e-03
2.110000000000002984e+01,9.340269360495923934e+00,5.908505431199436941e+00,1.404679346419136499e-01,-1.551142097320333813e-01,9.339536863941653166e+00,5.908645843049948887e+00,1.404679346419205055e-01,-1.539834687622086418e-01,4.990239275958327503e-01,-6.132843788607290382e-03
2.120000000000003126e+01,9.389694656427202801e+00,5.915482047628557005e+00,1.399354932453620859e-01,-1.478875278884000388e-01,9.388960487444494518e+00,5.915634301593541977e+00,1.399354932453689693e-01,-1.466476813850735861e-01,4.991525931983207265e-01,-5.324413965515306657e-03
2.130000000000003268e+01,9.439134046342294582e+00,5.922435332850920275e+00,1.394702870322010457e-01,-1.409519777242735084e-01,9.438398421097444313e+00,5.922597936505747285e+00,1.394702870322080679e-01,-1.396151360411669318e-01,4.992596013161837987e-01,-4.652062131609013829e-03
2.140000000000003411e+01,9.488585273046293622e+00,5.929368088440210016e+00,1.390607935980313070e-01,-1.343051238410141179e-01,9.487848369790857106e+00,5.929539804503989764e+00,1.390607935980383569e-01,-1.328827685283124893e-01,4.993482709578821455e-01,-4.094934341697110437e-03
2.150000000000003553e+01,9.538046419887308502e+00,5.936282624449828127e+00,1.386971563085721559e-01,-1.279428867160356809e-01,9.537308384767042568e+00,5.936462434121574816e+00,1.386971563085791503e-01,-1.264458567551927648e-01,4.994212532789003012e-01,-3.636372894592010841e-03
2.160000000000003695e+01,9.587515839879900525e+00,5.943180823684469871e+00,1.383708071128221251e-01,-1.218600165270561919e-01,9.586776791393713637e+00,5.943367898249584336e+00,1.383708071128291195e-01,-1.202985072955897322e-01,4.994805991232231790e-01,-3.263491957500308516e-03
2.170000000000003837e+01,9.636992089817532303e+00,5.950064188362561346e+00,1.380741028750985255e-01,-1.160505271311094572e-01,9.636252122024449918e+00,5.950257868807183215e+00,1.380741028751054089e-01,-1.144341004431553427e-01,4.995277805392995818e-01,-2.967042377237105732e-03
2.180000000000003979e+01,9.686473862479202168e+00,5.956933867796695203e+00,1.377999318539739337e-01,-1.105081355253787478e-01,9.685733046902784693e+00,5.957133653120999739e+00,1.377999318539807061e-01,-1.088457402194656087e-01,4.995636432673545291e-01,-2.741710211246972673e-03
2.190000000000004121e+01,9.686473862479202168e+00,5.956933867796695203e+00,1.377999318539739337e-01,-1.105081355253787478e-01,9.685733046902784693e+00,5.957133653120999739e+00,1.377999318539807061e-01,-1.088457402194656087e-01,0.000000000000000000e+00,0.000000000000000000e+00
